task,precision,recall,f1,accuracy,auroc
plasmid,0.755,0.725705329153605,0.666666666666667,0.90467862820804,0.950098887598888
chromosome,0.96097468113459,1,0.956888544891641,0.926713459950454,0.961230471402765
