task,precision,recall,f1,accuracy,auroc
plasmid,0.833333333333333,0.769230769230769,0.717142857142857,0.941391155002147,0.987921577780371
chromosome,0.968975468975469,1,0.963889894965592,0.940786910790807,0.98287728605333
