mol_type,method,contigs,real,predicted,auc,precision,recall,f1,accuracy
chrom,added_attention,38272,34298,35055,0.989251835985312,0.963978992894656,1,0.967204301075269,0.943303571428571
chrom,attebtion_self_loops,38272,34298,34236,0.983561467771994,0.971209610604805,1,0.961959376172356,0.93904702970297
chrom,attention_loops_4_heads,38272,34298,34861,0.96997442455243,0.971926713947991,1,0.965028124235754,0.941630706336589
chrom,original,38272,34298,34678,0.98287728605333,0.968975468975469,1,0.963889894965592,0.940786910790807
plasmid,added_attention,38272,5365,6068,0.990606766421984,0.801948051948052,0.953743315508021,0.795376121463078,0.941176470588235
plasmid,attebtion_self_loops,38272,5365,6252,0.98717803030303,0.836666666666667,0.909090909090909,0.782608695652174,0.930869703727302
plasmid,attention_loops_4_heads,38272,5365,5350,0.976677082984261,0.824808184143222,0.843032786885246,0.740740740740741,0.924527753560012
plasmid,original,38272,5365,7194,0.987921577780371,0.866666666666667,0.858258928571429,0.794495412844037,0.941391155002147
