task,precision,recall,f1,accuracy,auroc
plasmid,0.756565656565657,0.908033826638478,0.733003300330033,0.941176470588235,0.990606766421984
chromosome,0.963978992894656,1,0.967204301075269,0.943303571428571,0.989251835985312
